{"train/bce":0.09558790311217308,"_step":719,"epoch":720,"_runtime":5590.2091918,"params/patience_counter":49,"val/bce":0.06323522950212161,"train/loss":0.1101975017786026,"val/loss":0.07116025934616725,"_wandb":{"runtime":5590},"_timestamp":1.7751603872664127e+09,"params/lambda":200,"val/hierarchy_violation_rate":0.007573793673904053,"train/penalty":7.30479929188732e-05,"val/penalty":3.96251525671687e-05}